{"cameraMode":{"drawMode":0,"name":"Shaded","section":"Shading Mode"},"sceneLighting":true,"audioPlay":false,"sceneViewState":{"m_AlwaysRefresh":false,"showFog":true,"showSkybox":true,"showFlares":true,"showImageEffects":true,"showParticleSystems":true,"showVisualEffectGraphs":true,"m_FxEnabled":true},"in2DMode":false,"pivot":{"x":-3.6804749965667726,"y":-2.9682960510253908,"z":-0.031615808606147769},"rotation":{"x":-0.49265116453170779,"y":-0.5073560476303101,"z":0.49890753626823428,"w":-0.5010001063346863},"size":0.3158021569252014,"orthographic":false}