{"cameraMode":{"drawMode":0,"name":"Shaded","section":"Shading Mode"},"sceneLighting":true,"audioPlay":false,"sceneViewState":{"m_AlwaysRefresh":false,"showFog":true,"showSkybox":true,"showFlares":true,"showImageEffects":true,"showParticleSystems":true,"showVisualEffectGraphs":true,"m_FxEnabled":true},"in2DMode":false,"pivot":{"x":-2.0817418098449709,"y":1.5605639219284058,"z":-1.2734017372131348},"rotation":{"x":-0.04380030930042267,"y":0.31518733501434328,"z":0.014620409347116948,"w":0.9479635953903198},"size":6.292280197143555,"orthographic":false}