{"cameraMode":{"drawMode":0,"name":"Shaded","section":"Shading Mode"},"sceneLighting":true,"audioPlay":false,"sceneViewState":{"m_AlwaysRefresh":false,"showFog":true,"showSkybox":true,"showFlares":true,"showImageEffects":true,"showParticleSystems":true,"showVisualEffectGraphs":true,"m_FxEnabled":true},"in2DMode":false,"pivot":{"x":-3.7888731956481935,"y":-3.4673376083374025,"z":1.0618486404418946},"rotation":{"x":0.2393992692232132,"y":-0.10894468426704407,"z":0.027153000235557557,"w":0.964479923248291},"size":0.9077207446098328,"orthographic":false}